artist,title,youtubeId,startSeconds,endSeconds,official
Adib Sin feat. Hikaru Station,Fated,AcBNAPR8KY0,0,180,true
Adib Sin feat. Hikaru Station,First Date,epj0-mTMVvM,0,147,true
Akiyuki Tateyama,Kyanpujou no theme motosuko,KFdYn_DX0wI,0,348,false
Amos Wenger,Lock & Key,3xGtgxsYe5E,0,220,true
Amos Wenger,Sweven,ju0T-tL7XGw,0,106,true
Area 11,Watchmaker (Acoustic),uYa26S54rkY,0,263,true
Bibio,A Couple Swim,WrxYkv1cCFE,0,228,true
Bibio,Awpockes,1v_gWsbPcQk,0,134,true
Bibio,Beret Girl,DRPDgrzftrQ,0,116,true
Bibio,Curls,-OTU25i5QWc,0,199,true
Bibio,Frankincense and Coal,YTPlctRYr5k,0,111,true
Bibio,Lightspout Hollow,_JIu5LCF1fs,0,154,true
Bibio,Miss Blennerhassett,1PIvl7I64zc,0,95,true
Bibio,Oakmoss,UVfoNDwBbA0,0,221,true
Bibio,Patchouli May,jqHiYDK4SyQ,0,244,true
Bibio,Quarters,oWczove2LT4,0,201,true
Bibio,Sleep On The Wing,3UNsV5H7xxc,0,210,true
Bibio,The Art of Living,6UrXhftJPZA,0,197,true
Bibio,The Milky Way Over Ratlinghope,0a6xNxYI_0c,0,261,true
Bibio,Under a Lone Ash,AJb8rODkogg,0,175,true
Bibio,Valley Wulf,TRkHS7jZZG8,0,200,true
Bibio,Watching Thus The Heron Is All Pool,nvoDkr96Ljo,0,166,true
Bibio,You Couldn't Even Hear The Birds Singing,pSgNOEcRG9c,0,83,true
Big Giant Circles feat. C418,BGC418,mHIQlcFVC0k,0,248,true
Birdy,1901,jlaeJ6k75cY,5,255,true
Birdy,Beautiful Lies,AF1o3tw1WlA,0,171,true
Birdy,Fire and Rain,rme6x-rJuGs,0,187,true
Birdy,Lost It All,FGoVYE3faWc,0,227,true
Birdy,Save Yourself,7RCODloenl0,0,215,true
Birdy,Terrible Love,lEt0YK1-eDo,0,284,true
Birdy,The District Sleeps Alone Tonight,xm9ONuNAeW0,0,284,true
Birdy,Unbroken,UR-EKTl8J4g,0,266,true
Birdy,Without a Word,T2ilfjlLi4c,0,287,true
C418,Beginning,jbLfMAxwOc8,0,102,true
C418,Clark,RawVEMRBW8M,0,192,true
C418,Danny,WfLOBeeLtuE,0,255,true
C418,Dry Hands,-R-Vl4GzYWY,0,69,true
C418,Haggstrom,D09Okc11afI,0,204,true
C418,impostor syndrome,pQkV_xUgxhQ,0,145,true
C418,jayson glove,emLQluPhiKI,0,198,true
C418 & Laura Shigihara,tsuki no koibumi,ZnYWqO4tKP0,0,307,true
C418,Living Mice,aQKGqzjno2g,0,178,true
C418,Mice on Venus,KdOD0fZs_XU,0,282,true
C418,Minecraft,vxmOcAde_0s,0,254,true
C418,pr department,dn4DGA2alIc,0,85,true
C418,Subwoofer Lullaby,o3_InDEtpLA,0,209,true
C418,Sweden,xIQrC4CerB8,0,216,true
C418,wooden love,Od0kel8onnk,0,94,true
ChouCho,木漏れ日色の記憶,ioZhnqtH098,0,268,true
CooRie,Melodic Future,sSA8c2YUZLo,0,222,false
Daft Punk feat. Paul Williams,Touch,0Gkhol2Q1og,0,508,true
Daft Punk,Within,cuj__JnGWLg,0,233,true
Destiny 2,Legacy,cw0M1lyKjPo,0,98,true
Destiny 2, The Farm,U8ilLSEjlAQ,0,243,true
Destiny 2,Traveler's Dream,jgS9mNBFec0,0,122,true
Destiny 2,View from Orbit,Rz9yfvrqNnA,0,139,true
Disasterpeace,Beacon,WOQLMKIFosw,0,153,true
Disasterpeace,Compass,Gqw1KoHCv3U,0,163,true
Disasterpeace,Home,XDfRB4LcjNA,0,95,true
Disasterpeace,Legend,9CU46pR76zk,0,79,true
Disasterpeace,Majesty,VciUHWXeRew,0,202,true
Disasterpeace,Nature,nifE7w_AsD8,0,251,true
Disasterpeace,Nocturne,4ehBjcyUxYQ,0,133,true
Disasterpeace,Reflection,EdqUV7r1yI0,0,300,true
Disasterpeace,Spirit,mxJGCZ0LhPE,0,172,true
Eri Sasaki,Fuyu Biyori,0EX3tQWswj0,0,278,true
Eri Sasaki,Prayer,6RX-v3xftCc,0,356,true
Eri Sasaki,Star seed,1Q9GL7AeoAk,0,253,true
Evan Call,Adamantine Dreams,W9sA4ipvOuE,0,191,true
Evan Call,A Doll's Beginning,Cn_WGZfCGKM,0,164,true
Evan Call,Always Watching Over You,WL1fNpNa2Dk,0,144,true
Evan Call,Another Sunny Day,MnengvvuYXI,0,128,true
Evan Call,A Place to Call Home,dp31N5tXHTU,0,132,true
Evan Call,Ink to Paper,KbEKsT4Cfrg,0,129,true
Evan Call,Innocence,jqs_j1uC9DM,0,123,true
Evan Call,Never Coming Back,GxyxYt6QBqY,0,144,true
Evan Call,The Birth of a Legend,c76D2TWL3PI,0,133,true
Evan Call,Theme of Violet Evergarden,MsHuoKN63Y4,0,137,true
Evan Call,The Voice in My Heart,wDNMqtAtMqY,0,140,true
Evan Call,Those Words You Spoke to Me,Av0_51FqVBo,0,133,true
Evan Call,To The Ends of Our World,1zkCqWDa9nU,0,161,true
Evan Call,Unspoken Words,9v4DxzEN5FQ,0,167,true
Evan Call,Violet's Letter,2j9jLB9YyQ4,0,133,true
Evan Call,What It Means To Love,6aLv_l-_jWU,0,114,true
fireteamtorch feat. Hikaru Station,Kirameki,QO-ne9uqOZw,0,145,true
Gods of Magellan,Those Who Left,vVoABUDp9nI,0,205,true
hai,Młodość,FlUsvguOH1c,0,414,true
Hikaru Station,Fuyu Biyori,azSbRQTPay8,0,94,true
Hikaru Station,Monochrome Sessions,YkZn4DaNamM,0,225,true
Hikaru Station,Paper Lantern,eS1IR-vVKOI,0,166,true
Hikaru Station,Seafoam,s5GtPuc3CmM,0,146,true
Jukio Kallio,Kevyenä leijuvana,O0CBVLRVIJM,0,196,true
Jukio Kallio,Kultaharkko,fkTj7jjKTC0,0,204,true
Jukio Kallio,Kuulet vielä mut,lLj-NDskm98,0,215,true
Jukio Kallio,Tää kuva,-ZBR5lXnaFk,0,77,true
Jukio Kallio,Velka,H4Phuknap8M,0,264,true
Kenshi Yonezu + Masaki Suda,Haiirotoao,gJX2iy6nhHc,0,343,true
Kenshi Yonezu,Uchiagehanabi,enPCUO_5ZrI,0,259,true
Krzesimir Dębski,Czołówka,sZkBoUnC2Os,0,93,false
Krzesimir Dębski,Ławeczka,oXDnGtcTHsU,0,75,false
Krzesimir Dębski,Podlaski liryzm,06ayl63WnmQ,0,170,false
Krzesimir Dębski,Pogoda w Wilkowyjach,X9vR-C-Arn8,0,119,false
Krzesimir Dębski,Sama wśród obcych,csEL8HpfLak,0,230,false
Louis Armstrong,What a Wonderful World,rBrd_3VMC3c,0,139,true
Madeon,Borealis,edbQkThan0g,0,287,true
Mark Sparling,A Short Flight,LgDJPkGvLsY,0,153,true
Mark Sparling,Beach Buds (Long Hike),ds0qRXFPaoQ,0,535,true
Mark Sparling,Hello?,lXEa6vFimFU,0,193,true
Mark Sparling,Nap Time,J6mstxtKbQs,0,40,true
Mark Sparling,See You At The Top (Long Hike),fyWN6RjJrLo,0,576,true
Mark Sparling,Somewhere In The Woods (Long Hike),U4OE_Ip_tnQ,0,613,true
ODESZA feat. Naomi Wild,Higher Ground (Reprise),pC5BNqoP0EI,0,228,true
ODESZA feat. WYNNE & Mansionair,Life Of Sight (Reprise),1JpWT3KtpKE,0,264,true
Owl City,Fireflies,psuRGfAaju4,0,234,true
Owl City,Sky Diver,bb4qLauj2XU,0,165,true
Owl City,The Saltwater Room,dWhTUlG4d8s,0,296,true
Porter Robinson,Look at the Sky,PuMz4v5PYKc,0,311,true
Radzimir Dębski,Na ranczu muszą być konie,TMHpoCbED7A,0,104,false
Radzimir Dębski,Wilkowyje idą spać,lxxdsOPADyU,0,100,false
Rafał Samborski,Autumn (World 2),wSsb-J6bfYU,0,119,true
Rafał Samborski,Light (World 1),fn3uVUr0Ro8,0,100,true
Rafał Samborski,Rain (World 4),8mUUm6IjBJs,0,146,true
Rafał Samborski,Winter (World 7),AMmfYNfEZRg,0,230,true
ReoNa,ikari,9rrjxMYi8Yk,0,240,true
SawanoHiroyuni[nZk]:mizuki,oldToday,za8aapTmp44,0,295,true
Sayuri,Proust,DGd6T6wqc00,0,275,false
Seycara Orchestral,Michishirube,l575V7MNrMI,0,249,true
Steve Jablonsky,Maps & Simbols,AlyzJJF-DRw,0,178,true
Steve Jablonsky,Simple Directions,oQ17Tbg9-qU,0,176,true
Sumire Morohoshi,Masshiro,f8aL4Nq7CIE,0,259,true
Triplepoint Trio,Triggernometry,KsharuaaUCc,0,450,true
TRUE & Chihara Minori,Lost child,JKqMPcpM4Qs,0,282,true
Zwei,Lyra,NTD9xnICau4,0,336,false
